# run_started_at	20260521_044226
# arg	batch_size	12
# arg	bbh_task	"boolean_expressions"
# arg	bf16	0
# arg	block_size	192
# arg	bnb_4bit_compute_dtype	"float16"
# arg	bnb_4bit_quant_type	"nf4"
# arg	bnb_4bit_use_double_quant	1
# arg	dataset	"arc-e"
# arg	device	"cuda"
# arg	epochs	3
# arg	eval_dataset	"arc-e"
# arg	eval_every	3000
# arg	eval_max_samples	400
# arg	eval_split	"validation"
# arg	fp16	0
# arg	grad_accum	1
# arg	gradient_checkpointing	0
# arg	init_new_router_from_legacy	1
# arg	llm_int8_threshold	6.0
# arg	load_in_4bit	0
# arg	load_in_8bit	0
# arg	load_in_fp16	0
# arg	log_every	50
# arg	lora_alpha	16
# arg	lora_dropout	0.05
# arg	lora_r	16
# arg	lora_target_modules	""
# arg	lr	5e-05
# arg	max_grad_norm	1.0
# arg	min_lr_ratio	0.1
# arg	mix_datasets	"piqa,siqa"
# arg	mmlu_answer_mode	"text"
# arg	mmlu_subjects	"all"
# arg	model_path	"/root/models/Dynamic_MoE"
# arg	num_proc	16
# arg	output_dir	"/mnt/data/models/fv1_arc_e_s43"
# arg	redpajama_local_dir	""
# arg	router_anchor_momentum	0.99
# arg	router_aux_loss_coef	0.01
# arg	router_budget_end_ratio	1.0
# arg	router_budget_loss_coef	0.0
# arg	router_budget_start_ratio	0.5
# arg	router_budget_target_count	0.0
# arg	router_budget_tau	0.05
# arg	router_context_scale	null
# arg	router_ema_momentum	0.99
# arg	router_entmax_alpha	1.7
# arg	router_lr_mult	1.0
# arg	router_pull_loss_coef	0.0
# arg	router_pull_loss_coef_final	null
# arg	router_pull_loss_schedule_end_ratio	1.0
# arg	router_pull_loss_schedule_start_ratio	0.5
# arg	router_pull_loss_type	"soft"
# arg	router_pull_loss_type_final	""
# arg	router_pull_loss_type_switch_ratio	0.5
# arg	router_pull_temperature	1.0
# arg	router_softmax_temperature	1.1
# arg	router_top_k	2
# arg	router_top_p_final	null
# arg	router_top_p_schedule_end_ratio	1.0
# arg	router_top_p_schedule_start_ratio	0.5
# arg	router_topk	0
# arg	router_use_ema_update	1
# arg	router_use_entmax	0
# arg	router_use_softmax_temperature	1
# arg	router_value_anchor_loss_coef	0.01
# arg	router_z_loss_coef	0.0
# arg	save_every	200
# arg	seed	43
# arg	share_router_expert_embedding	-1
# arg	stage	2
# arg	stage1_data_ratio	0.2
# arg	stage1_distill_temperature	1.0
# arg	stage1_epochs	1
# arg	stage1_grad_accum	1
# arg	stage1_kl_coef	1.0
# arg	stage1_log_every	50
# arg	stage1_logit_coef	1.0
# arg	stage1_logit_loss_type	"huber"
# arg	stage1_lr	0.0002
# arg	stage1_max_grad_norm	1.0
# arg	stage1_teacher_path	""
# arg	stage1_use_logit_loss	1
# arg	stage2_include_validation_in_train	0
# arg	stage2_init_path	"/mnt/data/models/fv1_arc_e_s43/ckpt_after_stage1"
# arg	stage2_validation_train_ratio	0.05
# arg	stage2_validation_train_split	"validation"
# arg	stage_split_seed	43
# arg	top_p_threshold	null
# arg	train_extra_params_in_fp32	1
# arg	train_max_samples	null
# arg	train_new_router_params	1
# arg	train_split	"train"
# arg	use_bnb_8bit	0
# arg	use_label	1
# arg	use_router_context	-1
# arg	warmup_ratio	0.03
# arg	weight_decay	0.0
# arg	winogrande_config	"winogrande_xl"
time	epoch	global_step	optim_step	lr	loss	loss_ce	loss_pairwise	loss_aux	loss_budget	loss_ma50	loss_ema	loss_ce_ema	eval_pairwise_acc	pairwise_coef	router_aux_loss_coef	router_top_k	expert_weight_proj_grad_norm	train_pairwise_acc	train_pairwise_margin	train_chosen_score	train_rejected_score	train_max_token_len	train_max_chosen_token_len	train_max_rejected_token_len	router_score_mean	router_score_std	router_score_min	router_score_max	router_weight_row_sum_mean	router_weight_row_sum_abs_err	router_weight_entropy	router_weight_top1_mass	route_prob_min	route_prob_has_neg	route_prob_row_sum_mean	route_prob_row_sum_abs_err	expert_embedding_pairwise_cos_mean	expert_embedding_pairwise_cos_max	expert_embedding_norm_mean	expert_embedding_norm_std	token_q_norm_mean	token_q_norm_std	dispatch_avg_selected_count	dispatch_soft_selected_count	dispatch_dead_expert_ratio	dispatch_top1_top2_margin	dispatch_topk_pre_mass_mean	dispatch_topk_post_sum_mean	dispatch_topk_post_sum_abs_err	expert_token_count_cv	dispatch_soft_load	dispatch_hard_load
1779309827.011	0	50	50	5.000000e-05	1.578324	1.526371	0.728361	1.553506	0.000000	2.223579	2.328023	2.273874		0.050000	0.010000	2	0.114982	0.500000	0.090972	-0.633385	-0.724356	104	104	104	-0.038059	1.240351	-5.264254	8.227142	1.000000	0.000000	2.124853	0.333675	0.000351	0.000000	1.000000	0.000000	-0.031672	0.567842	25.164655	4.995731	6.083932	1.418526	2.000000	2.000000	0.083333	0.198485	0.468865	1.000000	0.000000	0.994025	[0.065822, 0.060769, 0.062508, 0.070804, 0.064342, 0.055528, 0.0571, 0.070864, 0.062014, 0.062985, 0.060218, 0.068633, 0.055757, 0.050854, 0.061717, 0.070086]	[0.079527, 0.047454, 0.059371, 0.067238, 0.085286, 0.048313, 0.070964, 0.077628, 0.060086, 0.058883, 0.070765, 0.071768, 0.050845, 0.032751, 0.051206, 0.067916]
1779309905.427	0	100	100	4.989637e-05	1.531395	1.482950	0.698375	1.352709	0.000000	1.540468	1.820512	1.770206		0.050000	0.010000	2	0.092184	0.666667	0.137142	-0.687449	-0.824591	114	114	114	-0.019467	1.212607	-5.317983	7.925965	1.000000	0.000000	2.141240	0.327426	0.000503	0.000000	1.000000	0.000000	-0.031139	0.576553	25.573524	4.966433	5.945408	1.527830	2.000000	2.000000	0.078125	0.196656	0.458196	1.000000	0.000000	0.852451	[0.06139, 0.059782, 0.060264, 0.064574, 0.067761, 0.06084, 0.057962, 0.068175, 0.063583, 0.065648, 0.057515, 0.067616, 0.063911, 0.056706, 0.058539, 0.065734]	[0.067672, 0.061514, 0.050573, 0.058069, 0.10121, 0.05731, 0.056288, 0.071958, 0.056179, 0.062925, 0.048683, 0.06467, 0.076109, 0.041992, 0.054145, 0.070701]
1779309983.298	0	150	150	4.958643e-05	1.611915	1.572145	0.540009	1.276980	0.000000	1.452299	1.584621	1.537227		0.050000	0.010000	2	0.080712	0.916667	0.399208	-0.214246	-0.613454	149	149	148	-0.039626	1.256261	-5.087255	7.709057	1.000000	0.000000	2.107177	0.337928	0.000693	0.000000	1.000000	0.000000	-0.030705	0.573076	25.801216	4.890407	6.135657	1.388787	2.000000	2.000000	0.072917	0.205264	0.470591	1.000000	0.000000	0.729838	[0.059409, 0.061804, 0.06355, 0.068332, 0.067286, 0.059389, 0.0565, 0.068354, 0.063569, 0.059356, 0.056905, 0.074843, 0.058772, 0.055473, 0.063181, 0.063278]	[0.060719, 0.070539, 0.064652, 0.067808, 0.094428, 0.051948, 0.047029, 0.068459, 0.052409, 0.046224, 0.050564, 0.096083, 0.05929, 0.044859, 0.053367, 0.071624]
1779310061.386	0	200	200	4.907303e-05	1.232005	1.192838	0.543185	1.200828	0.000000	1.431054	1.483603	1.439164		0.050000	0.010000	2	0.075634	0.750000	0.600362	-0.391985	-0.992347	124	123	124	-0.011361	1.163655	-5.054310	7.640024	1.000000	0.000000	2.203016	0.301301	0.000955	0.000000	1.000000	0.000000	-0.029896	0.567140	26.043766	4.941078	5.792655	1.348047	2.000000	2.000000	0.054688	0.172789	0.429813	1.000000	0.000000	0.678065	[0.059873, 0.063913, 0.061307, 0.067869, 0.064744, 0.059181, 0.059834, 0.070515, 0.063468, 0.062054, 0.059221, 0.069701, 0.062261, 0.055496, 0.06074, 0.059821]	[0.070014, 0.068332, 0.058196, 0.06241, 0.093587, 0.052481, 0.057373, 0.069797, 0.057545, 0.057979, 0.062708, 0.081543, 0.062798, 0.041974, 0.052843, 0.05042]
1779310138.766	0	250	250	4.836092e-05	1.443799	1.397360	0.694778	1.169981	0.000000	1.394218	1.427037	1.383054		0.050000	0.010000	2	0.118708	0.583333	0.058165	-0.393159	-0.451324	125	125	120	-0.016969	1.176591	-5.219530	7.668298	1.000000	0.000000	2.178984	0.311608	0.001158	0.000000	1.000000	0.000000	-0.029422	0.572062	26.289163	4.931583	5.775795	1.407290	2.000000	2.000000	0.046875	0.184729	0.438487	1.000000	0.000000	0.634072	[0.060471, 0.063651, 0.063522, 0.067944, 0.064802, 0.058392, 0.060855, 0.06559, 0.068194, 0.0628, 0.06147, 0.066647, 0.060929, 0.055568, 0.059373, 0.059792]	[0.067681, 0.071045, 0.063043, 0.072754, 0.094817, 0.048204, 0.052617, 0.063241, 0.067627, 0.054335, 0.067265, 0.079165, 0.05551, 0.043972, 0.043168, 0.055556]
1779310215.849	0	300	300	4.745664e-05	1.205356	1.168001	0.518861	1.141174	0.000000	1.335996	1.367381	1.324280		0.050000	0.010000	2	0.078337	0.666667	0.486606	-0.234934	-0.721540	129	120	129	0.003659	1.200368	-5.297138	7.728775	1.000000	0.000000	2.164340	0.315049	0.001255	0.000000	1.000000	0.000000	-0.029788	0.566406	26.541446	4.984765	5.693156	1.432624	2.000000	2.000000	0.067708	0.190176	0.439921	1.000000	0.000000	0.587491	[0.061891, 0.065569, 0.062809, 0.072007, 0.062958, 0.058267, 0.059052, 0.067552, 0.064758, 0.064643, 0.05777, 0.062182, 0.064778, 0.055144, 0.059524, 0.061095]	[0.064752, 0.093623, 0.066551, 0.0793, 0.077447, 0.043819, 0.058069, 0.076416, 0.056008, 0.061903, 0.051251, 0.062174, 0.067889, 0.040292, 0.049579, 0.050926]
1779310293.282	0	350	350	4.636852e-05	1.232120	1.190332	0.605583	1.150862	0.000000	1.347773	1.349333	1.307186		0.050000	0.010000	2	0.081583	0.583333	0.239886	-0.451073	-0.690959	113	109	113	-0.000138	1.189131	-5.211396	8.047292	1.000000	0.000000	2.185230	0.305862	0.001194	0.000000	1.000000	0.000000	-0.029336	0.556438	26.826392	4.978233	5.652696	1.387508	2.000000	2.000000	0.052083	0.180914	0.430810	1.000000	0.000000	0.598012	[0.061444, 0.063532, 0.060041, 0.069861, 0.063212, 0.059685, 0.059851, 0.068202, 0.064365, 0.062721, 0.059746, 0.064972, 0.064201, 0.056581, 0.062227, 0.05936]	[0.068097, 0.072067, 0.052517, 0.076687, 0.072772, 0.046622, 0.061451, 0.087927, 0.058512, 0.057174, 0.058639, 0.071235, 0.065294, 0.038954, 0.054841, 0.05721]
1779310370.800	0	400	400	4.510659e-05	1.079622	1.047568	0.416252	1.124137	0.000000	1.308422	1.318031	1.277824		0.050000	0.010000	2	0.075885	1.000000	0.701516	-0.211527	-0.913043	118	118	117	-0.006562	1.191030	-5.325848	8.001389	1.000000	0.000000	2.189235	0.303067	0.001303	0.000000	1.000000	0.000000	-0.029493	0.552866	27.059568	5.119790	5.690560	1.365836	2.000000	2.000000	0.044271	0.177360	0.428774	1.000000	0.000000	0.561090	[0.064073, 0.061387, 0.05899, 0.067102, 0.063735, 0.06082, 0.062562, 0.068495, 0.063916, 0.06272, 0.056869, 0.064066, 0.065417, 0.056253, 0.063742, 0.059855]	[0.071488, 0.065529, 0.050519, 0.066497, 0.080322, 0.052047, 0.077167, 0.076434, 0.060447, 0.065086, 0.045826, 0.071922, 0.070267, 0.038547, 0.06193, 0.045971]
1779310447.943	0	450	450	4.368248e-05	1.222029	1.190799	0.408269	1.081657	0.000000	1.250515	1.273602	1.234457		0.050000	0.010000	2	0.072954	0.833333	1.064190	-0.224495	-1.288686	131	131	131	0.007179	1.198964	-5.368230	7.955486	1.000000	0.000000	2.187383	0.302375	0.001138	0.000000	1.000000	0.000000	-0.028622	0.552714	27.363123	5.126242	5.607138	1.370305	2.000000	2.000000	0.026042	0.176610	0.428140	1.000000	0.000000	0.462872	[0.064036, 0.062556, 0.060992, 0.068633, 0.061694, 0.061609, 0.058473, 0.066655, 0.063612, 0.061774, 0.060143, 0.063391, 0.062234, 0.058253, 0.064104, 0.061843]	[0.065701, 0.069264, 0.061053, 0.067066, 0.067401, 0.058928, 0.063911, 0.075304, 0.058087, 0.059697, 0.056469, 0.078595, 0.064263, 0.041974, 0.06118, 0.051107]
1779310525.005	0	500	500	4.210930e-05	1.221623	1.182094	0.574928	1.078268	0.000000	1.246639	1.253437	1.215178		0.050000	0.010000	2	0.079300	0.750000	0.394466	-0.187234	-0.581700	120	116	120	0.016021	1.251829	-5.602111	8.355635	1.000000	0.000000	2.137454	0.321481	0.001142	0.000000	1.000000	0.000000	-0.028300	0.556936	27.651142	5.171801	5.682689	1.456313	2.000000	2.000000	0.028646	0.195575	0.447387	1.000000	0.000000	0.449401	[0.060509, 0.0621, 0.060934, 0.069548, 0.064564, 0.061006, 0.060325, 0.063837, 0.063852, 0.061628, 0.060219, 0.063364, 0.06288, 0.061144, 0.061731, 0.062358]	[0.057798, 0.071949, 0.057192, 0.071398, 0.086887, 0.05655, 0.064788, 0.062491, 0.058829, 0.061523, 0.053747, 0.06675, 0.064209, 0.052427, 0.05891, 0.054552]
1779310602.370	0	550	550	4.040154e-05	1.185549	1.148560	0.526958	1.064060	0.000000	1.222499	1.231591	1.194775		0.050000	0.010000	2	0.088872	0.833333	0.457198	-0.228601	-0.685800	130	124	130	0.007927	1.253028	-5.499607	8.284389	1.000000	0.000000	2.142942	0.317247	0.001140	0.000000	1.000000	0.000000	-0.028850	0.557203	27.923111	5.169569	5.663575	1.399290	2.000000	2.000000	0.028646	0.190211	0.444284	1.000000	0.000000	0.441715	[0.061077, 0.062728, 0.06102, 0.067788, 0.066609, 0.061342, 0.060814, 0.064319, 0.06526, 0.060272, 0.062406, 0.060464, 0.063437, 0.057286, 0.063369, 0.06181]	[0.059616, 0.074436, 0.055754, 0.064507, 0.080675, 0.057635, 0.064607, 0.067943, 0.062871, 0.063883, 0.062265, 0.06392, 0.067763, 0.040627, 0.059715, 0.053783]
1779310680.063	1	600	600	3.857493e-05	1.164542	1.129710	0.483028	1.068042	0.000000	1.143827	1.174178	1.139604		0.050000	0.010000	2	0.084879	0.833333	0.644876	-0.128037	-0.772913	158	158	140	0.014672	1.317526	-5.714728	8.491958	1.000000	0.000000	2.080421	0.341445	0.001201	0.000000	1.000000	0.000000	-0.028497	0.560008	28.288318	5.298739	5.799752	1.433032	2.000000	2.000000	0.031250	0.213903	0.468988	1.000000	0.000000	0.417570	[0.061792, 0.062705, 0.060899, 0.065033, 0.062258, 0.058975, 0.062075, 0.067126, 0.063357, 0.062196, 0.059717, 0.065159, 0.063159, 0.060338, 0.063537, 0.061673]	[0.062373, 0.075403, 0.062816, 0.057572, 0.075756, 0.054055, 0.067862, 0.068775, 0.05693, 0.057364, 0.056107, 0.075448, 0.067717, 0.049226, 0.058124, 0.05447]
1779310756.832	1	650	650	3.664631e-05	1.009325	0.977309	0.426926	1.066942	0.000000	1.098408	1.121539	1.088292		0.050000	0.010000	2	0.091234	0.916667	0.746966	-0.095139	-0.842106	168	168	161	0.007527	1.354468	-6.139767	8.732227	1.000000	0.000000	2.082925	0.336946	0.001005	0.000000	1.000000	0.000000	-0.028470	0.558731	28.674816	5.323217	5.787954	1.481205	2.000000	2.000000	0.026042	0.208606	0.465287	1.000000	0.000000	0.436365	[0.059547, 0.062813, 0.060215, 0.066247, 0.0643, 0.061881, 0.059323, 0.06585, 0.065474, 0.058885, 0.063194, 0.062605, 0.061615, 0.058219, 0.065916, 0.063917]	[0.055366, 0.07373, 0.064354, 0.059516, 0.074816, 0.059896, 0.064923, 0.069571, 0.060646, 0.05098, 0.061207, 0.071904, 0.063413, 0.0457, 0.065005, 0.058974]
1779310833.472	1	700	700	3.463344e-05	1.193349	1.159017	0.473767	1.064283	0.000000	1.062841	1.081311	1.049387		0.050000	0.010000	2	0.111827	0.833333	0.666818	-0.141993	-0.808811	131	130	131	0.009969	1.347834	-6.178131	8.994713	1.000000	0.000000	2.087757	0.334574	0.001100	0.000000	1.000000	0.000000	-0.027942	0.558460	28.995641	5.409962	5.722814	1.440223	2.000000	2.000000	0.020833	0.206910	0.462237	1.000000	0.000000	0.401375	[0.057924, 0.061759, 0.060166, 0.06646, 0.064005, 0.061689, 0.058419, 0.066499, 0.065474, 0.061688, 0.062593, 0.062158, 0.064098, 0.061033, 0.062846, 0.063188]	[0.048249, 0.072591, 0.062762, 0.059471, 0.077302, 0.063648, 0.062382, 0.067609, 0.060258, 0.05636, 0.070584, 0.066596, 0.065828, 0.052644, 0.056279, 0.057436]
1779310910.012	1	750	750	3.255485e-05	1.046309	1.018112	0.345085	1.094280	0.000000	1.043005	1.058985	1.027998		0.050000	0.010000	2	0.085117	1.000000	1.109380	-0.106523	-1.215904	162	162	161	-0.009632	1.388191	-6.648559	8.911784	1.000000	0.000000	2.054512	0.346839	0.000940	0.000000	1.000000	0.000000	-0.028032	0.563827	29.241877	5.432327	5.873310	1.385041	2.000000	2.000000	0.023438	0.215651	0.478026	1.000000	0.000000	0.458101	[0.058341, 0.060245, 0.059427, 0.068257, 0.065867, 0.063263, 0.060725, 0.065175, 0.062514, 0.060186, 0.060452, 0.06422, 0.063914, 0.059099, 0.065822, 0.062493]	[0.060755, 0.06033, 0.058304, 0.058603, 0.076597, 0.062509, 0.068694, 0.065321, 0.055845, 0.058277, 0.067356, 0.071217, 0.067889, 0.04626, 0.062156, 0.059887]
1779310987.435	1	800	800	3.042970e-05	1.037907	1.010469	0.333652	1.075572	0.000000	1.025870	1.037509	1.007328		0.050000	0.010000	2	0.080967	1.000000	1.111171	-0.031022	-1.142192	139	139	139	0.011398	1.423468	-6.177101	9.166632	1.000000	0.000000	2.052022	0.343160	0.000942	0.000000	1.000000	0.000000	-0.027815	0.562138	29.484273	5.459384	5.780048	1.468908	2.000000	2.000000	0.026042	0.213780	0.472540	1.000000	0.000000	0.462779	[0.060429, 0.063671, 0.059123, 0.064623, 0.060263, 0.060308, 0.058788, 0.069651, 0.065319, 0.06317, 0.060556, 0.060779, 0.065373, 0.060698, 0.064723, 0.062527]	[0.056017, 0.077989, 0.058793, 0.053602, 0.068377, 0.058449, 0.064146, 0.072962, 0.061379, 0.058992, 0.058847, 0.068703, 0.069942, 0.052237, 0.064128, 0.055438]
1779311064.361	1	850	850	2.827756e-05	0.876408	0.843170	0.453727	1.055133	0.000000	0.992634	1.003718	0.973783		0.050000	0.010000	2	0.093660	0.833333	0.714468	-0.148493	-0.862961	97	97	96	0.003452	1.382947	-6.411646	9.260132	1.000000	0.000000	2.097456	0.327486	0.001011	0.000000	1.000000	0.000000	-0.027928	0.560324	29.697023	5.496476	5.691024	1.378990	2.000000	2.000000	0.015625	0.197887	0.457085	1.000000	0.000000	0.400295	[0.062785, 0.063092, 0.060427, 0.067334, 0.0616, 0.061825, 0.060916, 0.062903, 0.064354, 0.06044, 0.060022, 0.060088, 0.062688, 0.061807, 0.064553, 0.065166]	[0.065656, 0.0794, 0.058856, 0.060294, 0.073749, 0.056767, 0.06732, 0.060258, 0.058892, 0.059218, 0.059353, 0.059281, 0.066461, 0.056207, 0.06061, 0.05768]
1779311140.722	1	900	900	2.611826e-05	1.016863	0.983382	0.459041	1.052940	0.000000	0.976385	0.985289	0.955753		0.050000	0.010000	2	0.085692	0.750000	0.662712	-0.114829	-0.777541	114	114	106	-0.006948	1.432135	-6.211344	9.449753	1.000000	0.000000	2.047510	0.346779	0.001064	0.000000	1.000000	0.000000	-0.027874	0.561610	29.918451	5.535689	5.874277	1.375303	2.000000	2.000000	0.020833	0.216102	0.477456	1.000000	0.000000	0.381451	[0.063359, 0.060609, 0.06169, 0.066539, 0.060471, 0.061897, 0.062504, 0.06617, 0.062944, 0.061177, 0.060006, 0.063891, 0.060322, 0.059565, 0.066018, 0.062837]	[0.062229, 0.077555, 0.062572, 0.061198, 0.064887, 0.058449, 0.067419, 0.066632, 0.059498, 0.056387, 0.064137, 0.069399, 0.058603, 0.04957, 0.065222, 0.056243]
1779311216.895	1	950	950	2.397169e-05	0.904462	0.876723	0.345213	1.047817	0.000000	0.935411	0.950961	0.922225		0.050000	0.010000	2	0.091980	0.916667	1.107125	-0.068171	-1.175296	128	128	128	0.005215	1.441260	-6.503888	9.505206	1.000000	0.000000	2.046332	0.345789	0.000791	0.000000	1.000000	0.000000	-0.027790	0.560593	30.117378	5.567135	5.813232	1.391265	2.000000	2.000000	0.018229	0.215746	0.475833	1.000000	0.000000	0.357248	[0.06053, 0.061021, 0.061795, 0.064262, 0.061935, 0.063577, 0.057768, 0.06601, 0.060082, 0.061625, 0.064441, 0.063943, 0.062494, 0.059977, 0.066173, 0.064369]	[0.056831, 0.064941, 0.067998, 0.054353, 0.07449, 0.066632, 0.060059, 0.06543, 0.053928, 0.057952, 0.064453, 0.072745, 0.061849, 0.049479, 0.070792, 0.058069]
1779311293.296	1	1000	1000	2.185762e-05	0.875812	0.852218	0.258491	1.067000	0.000000	0.940225	0.941648	0.913573		0.050000	0.010000	2	0.089414	1.000000	1.666154	-0.054336	-1.720490	124	124	122	-0.004329	1.443943	-6.218997	9.392706	1.000000	0.000000	2.037872	0.350186	0.000839	0.000000	1.000000	0.000000	-0.028256	0.562378	30.297358	5.596961	5.819404	1.370016	2.000000	2.000000	0.015625	0.219539	0.480833	1.000000	0.000000	0.406781	[0.063827, 0.06513, 0.061494, 0.067631, 0.062797, 0.059455, 0.06286, 0.064052, 0.061222, 0.060871, 0.063761, 0.062666, 0.062326, 0.057593, 0.060954, 0.06336]	[0.06089, 0.077311, 0.068242, 0.065023, 0.074237, 0.057662, 0.0676, 0.056975, 0.052716, 0.058332, 0.070656, 0.067021, 0.062382, 0.045347, 0.055311, 0.060294]
1779311370.022	1	1050	1050	1.979553e-05	0.912315	0.882363	0.388355	1.053465	0.000000	0.918517	0.925467	0.897485		0.050000	0.010000	2	0.092408	1.000000	0.833934	-0.039210	-0.873144	121	121	121	0.002369	1.460596	-6.621606	9.607416	1.000000	0.000000	2.045620	0.343925	0.000916	0.000000	1.000000	0.000000	-0.028154	0.563511	30.456462	5.591726	5.776317	1.388778	2.000000	2.000000	0.015625	0.212946	0.474904	1.000000	0.000000	0.377427	[0.059609, 0.065312, 0.061759, 0.066817, 0.062298, 0.062665, 0.059777, 0.065079, 0.062472, 0.06015, 0.062215, 0.059914, 0.062527, 0.058831, 0.064494, 0.06608]	[0.056794, 0.071597, 0.065999, 0.059887, 0.06779, 0.06628, 0.065683, 0.070095, 0.057925, 0.056559, 0.059968, 0.05986, 0.061957, 0.04881, 0.067093, 0.063703]
1779311446.399	1	1100	1100	1.780440e-05	0.902268	0.878388	0.268457	1.045767	0.000000	0.908047	0.911871	0.885176		0.050000	0.010000	2	0.100564	1.000000	1.397880	-0.074053	-1.471932	144	143	144	0.001177	1.474498	-6.629366	9.507060	1.000000	0.000000	2.025922	0.352217	0.000909	0.000000	1.000000	0.000000	-0.028067	0.565028	30.593903	5.619482	5.837234	1.360225	2.000000	2.000000	0.023438	0.221142	0.483292	1.000000	0.000000	0.348228	[0.061241, 0.062426, 0.062115, 0.066722, 0.061187, 0.060929, 0.058171, 0.066945, 0.062756, 0.060328, 0.061976, 0.063662, 0.065176, 0.058393, 0.065115, 0.062857]	[0.055818, 0.07487, 0.064471, 0.064019, 0.073061, 0.058105, 0.05882, 0.072347, 0.055836, 0.056957, 0.062428, 0.068405, 0.068414, 0.044551, 0.064824, 0.057075]
1779311523.259	2	1150	1150	1.590259e-05	0.834290	0.811709	0.242911	1.043494	0.000000	0.838771	0.854432	0.829190		0.050000	0.010000	2	0.104261	1.000000	1.780361	-0.047923	-1.828284	122	122	115	0.001326	1.500038	-6.759961	9.434491	1.000000	0.000000	2.021292	0.352613	0.000815	0.000000	1.000000	0.000000	-0.027850	0.565652	30.755867	5.647323	5.875191	1.395592	2.000000	2.000000	0.018229	0.221024	0.484202	1.000000	0.000000	0.347356	[0.062906, 0.06319, 0.060341, 0.065564, 0.064203, 0.060673, 0.059693, 0.062568, 0.063053, 0.061284, 0.064287, 0.061508, 0.064667, 0.05974, 0.061551, 0.064774]	[0.057626, 0.071416, 0.06543, 0.059823, 0.076208, 0.060502, 0.061017, 0.059001, 0.059245, 0.056966, 0.067952, 0.065502, 0.071135, 0.049741, 0.057228, 0.061207]
1779311599.650	2	1200	1200	1.410761e-05	0.670199	0.643776	0.318468	1.049900	0.000000	0.774306	0.802695	0.778600		0.050000	0.010000	2	0.080542	0.916667	1.240044	-0.027553	-1.267597	129	127	129	0.000555	1.523585	-6.873224	9.462558	1.000000	0.000000	1.982416	0.368462	0.000820	0.000000	1.000000	0.000000	-0.027784	0.565311	30.904130	5.681448	5.915414	1.414357	2.000000	2.000000	0.023438	0.237302	0.499623	1.000000	0.000000	0.350399	[0.061502, 0.06347, 0.061272, 0.067267, 0.062402, 0.061341, 0.058753, 0.065632, 0.063377, 0.060154, 0.061654, 0.063624, 0.06206, 0.059664, 0.064657, 0.063172]	[0.057798, 0.072175, 0.0658, 0.062916, 0.070068, 0.06429, 0.055872, 0.065104, 0.05995, 0.056758, 0.070159, 0.070737, 0.059408, 0.049624, 0.065511, 0.053828]
1779311676.398	2	1250	1250	1.243600e-05	0.662205	0.643641	0.162042	1.046158	0.000000	0.749950	0.768059	0.744628		0.050000	0.010000	2	0.093430	1.000000	2.297487	-0.014894	-2.312381	129	128	129	0.001798	1.507275	-6.977472	9.374685	1.000000	0.000000	2.030257	0.348585	0.000854	0.000000	1.000000	0.000000	-0.027716	0.566352	31.041484	5.729855	5.831328	1.344299	2.000000	2.000000	0.023438	0.214618	0.482553	1.000000	0.000000	0.363155	[0.062073, 0.06251, 0.059511, 0.067614, 0.061492, 0.063603, 0.061945, 0.063581, 0.061236, 0.062026, 0.062224, 0.064683, 0.062029, 0.059893, 0.06148, 0.0641]	[0.056659, 0.06241, 0.064733, 0.062174, 0.069996, 0.074499, 0.067989, 0.060248, 0.056387, 0.057391, 0.064571, 0.07052, 0.066325, 0.050745, 0.057798, 0.057554]
1779311752.945	2	1300	1300	1.090315e-05	0.748118	0.729652	0.152218	1.085427	0.000000	0.747234	0.756234	0.733416		0.050000	0.010000	2	0.105581	1.000000	2.402340	-0.019398	-2.421738	95	93	95	-0.011508	1.471905	-6.986368	9.718908	1.000000	0.000000	2.059300	0.339026	0.000883	0.000000	1.000000	0.000000	-0.027771	0.564299	31.149719	5.743205	5.823145	1.277766	2.000000	2.000000	0.023438	0.204899	0.473153	1.000000	0.000000	0.487406	[0.063197, 0.062343, 0.06109, 0.068075, 0.062976, 0.062847, 0.064492, 0.062115, 0.058617, 0.060777, 0.063954, 0.061932, 0.063206, 0.056397, 0.064335, 0.063648]	[0.057183, 0.07119, 0.07477, 0.070367, 0.070267, 0.064996, 0.071298, 0.053458, 0.049904, 0.05853, 0.072871, 0.059787, 0.066714, 0.039325, 0.060619, 0.05872]
1779311829.272	2	1350	1350	9.523192e-06	0.838351	0.814709	0.262337	1.052503	0.000000	0.734025	0.742183	0.719272		0.050000	0.010000	2	0.101040	1.000000	1.424188	-0.014748	-1.438936	135	132	135	0.000709	1.554830	-7.027195	10.016627	1.000000	0.000000	1.966097	0.373265	0.000704	0.000000	1.000000	0.000000	-0.027801	0.563881	31.256571	5.771795	5.958408	1.384658	2.000000	2.000000	0.020833	0.240870	0.505660	1.000000	0.000000	0.328157	[0.063149, 0.064431, 0.060773, 0.066037, 0.065186, 0.061125, 0.061089, 0.065193, 0.062342, 0.060513, 0.06085, 0.061427, 0.06219, 0.05884, 0.063543, 0.063312]	[0.06193, 0.072058, 0.062319, 0.061325, 0.07449, 0.067509, 0.06411, 0.064019, 0.057255, 0.054561, 0.060375, 0.067898, 0.06014, 0.049262, 0.065276, 0.057473]
1779311905.859	2	1400	1400	8.308827e-06	0.665614	0.639626	0.305324	1.072152	0.000000	0.722894	0.728184	0.705310		0.050000	0.010000	2	0.104759	1.000000	1.478668	-0.023136	-1.501805	142	142	142	-0.006773	1.574855	-6.945446	10.049344	1.000000	0.000000	1.957735	0.374863	0.000700	0.000000	1.000000	0.000000	-0.027644	0.564377	31.342125	5.808028	5.901041	1.397947	2.000000	2.000000	0.015625	0.242583	0.507143	1.000000	0.000000	0.375103	[0.060415, 0.065009, 0.059345, 0.066881, 0.063615, 0.060886, 0.057685, 0.068673, 0.066146, 0.059229, 0.059508, 0.062087, 0.061535, 0.059366, 0.06617, 0.06345]	[0.058087, 0.0726, 0.061098, 0.060113, 0.074382, 0.064724, 0.058042, 0.072953, 0.062003, 0.052789, 0.054299, 0.062997, 0.060592, 0.050609, 0.075955, 0.058757]
1779311982.440	2	1450	1450	7.271245e-06	0.734659	0.709641	0.292157	1.041006	0.000000	0.718503	0.720092	0.697253		0.050000	0.010000	2	0.114846	1.000000	1.252474	-0.049024	-1.301497	112	110	112	-0.000667	1.535840	-6.926675	9.877856	1.000000	0.000000	2.017739	0.352247	0.000811	0.000000	1.000000	0.000000	-0.027656	0.563260	31.414436	5.806090	5.835270	1.367557	2.000000	2.000000	0.020833	0.218256	0.486239	1.000000	0.000000	0.353896	[0.062235, 0.06266, 0.059842, 0.068037, 0.06281, 0.062376, 0.062387, 0.062625, 0.06229, 0.05997, 0.062079, 0.061438, 0.062178, 0.059724, 0.06332, 0.06603]	[0.058422, 0.067365, 0.070945, 0.063269, 0.072293, 0.065068, 0.06448, 0.055257, 0.058775, 0.05315, 0.065683, 0.06495, 0.068739, 0.051459, 0.060203, 0.059941]
1779312059.241	2	1500	1500	6.420004e-06	0.817990	0.791430	0.320206	1.054980	0.000000	0.710570	0.714094	0.691717		0.050000	0.010000	2	0.109383	1.000000	1.124065	-0.031996	-1.156061	142	140	142	0.013990	1.546615	-7.172017	9.980414	1.000000	0.000000	2.002987	0.356931	0.000768	0.000000	1.000000	0.000000	-0.027597	0.562526	31.480165	5.831976	5.853438	1.373129	2.000000	2.000000	0.013021	0.223893	0.489969	1.000000	0.000000	0.368360	[0.060412, 0.06315, 0.062028, 0.066451, 0.062544, 0.06222, 0.059473, 0.065206, 0.060884, 0.059781, 0.063075, 0.060463, 0.06502, 0.059851, 0.062738, 0.066704]	[0.056433, 0.061749, 0.066497, 0.061234, 0.069924, 0.074228, 0.060809, 0.065131, 0.057283, 0.049723, 0.064643, 0.065864, 0.062952, 0.055691, 0.064082, 0.063757]
1779312135.732	2	1550	1550	5.762946e-06	0.856538	0.832637	0.269610	1.042139	0.000000	0.712784	0.715684	0.693093		0.050000	0.010000	2	0.096510	1.000000	1.575594	-0.019934	-1.595528	134	132	134	0.002610	1.605088	-7.282339	10.070146	1.000000	0.000000	1.944519	0.377586	0.000701	0.000000	1.000000	0.000000	-0.027513	0.563294	31.544717	5.849341	6.004329	1.394744	2.000000	2.000000	0.018229	0.243568	0.511604	1.000000	0.000000	0.340914	[0.060297, 0.062422, 0.059069, 0.065391, 0.063555, 0.062604, 0.060784, 0.066181, 0.06492, 0.059818, 0.06062, 0.061328, 0.063068, 0.059905, 0.063964, 0.066074]	[0.054642, 0.064299, 0.061731, 0.058241, 0.071615, 0.065574, 0.065213, 0.065972, 0.065656, 0.053277, 0.058105, 0.063639, 0.068061, 0.05532, 0.06429, 0.064363]
1779312212.138	2	1600	1600	5.306123e-06	0.627397	0.604122	0.255137	1.051877	0.000000	0.715271	0.713686	0.691494		0.050000	0.010000	2	0.084917	1.000000	1.790995	-0.015986	-1.806981	132	132	132	-0.011691	1.589432	-7.226001	9.873786	1.000000	0.000000	1.955657	0.375141	0.000823	0.000000	1.000000	0.000000	-0.027394	0.562540	31.604889	5.859772	5.976117	1.428388	2.000000	2.000000	0.018229	0.241221	0.509061	1.000000	0.000000	0.343737	[0.061884, 0.063179, 0.058797, 0.065677, 0.062271, 0.061976, 0.060034, 0.067662, 0.064891, 0.059917, 0.061385, 0.061251, 0.061196, 0.06181, 0.064829, 0.063242]	[0.058919, 0.073541, 0.066352, 0.058684, 0.066099, 0.066497, 0.064218, 0.069869, 0.065213, 0.050411, 0.061053, 0.058205, 0.05854, 0.060511, 0.063133, 0.058757]
1779312288.735	2	1650	1650	5.053742e-06	0.788506	0.766064	0.239419	1.047070	0.000000	0.697447	0.702752	0.680940		0.050000	0.010000	2	0.106963	1.000000	1.610937	-0.010735	-1.621672	132	131	132	0.006315	1.582820	-7.182177	10.024922	1.000000	0.000000	1.967666	0.369753	0.000805	0.000000	1.000000	0.000000	-0.027355	0.562544	31.655713	5.879965	5.912549	1.400488	2.000000	2.000000	0.015625	0.236422	0.503084	1.000000	0.000000	0.342779	[0.063395, 0.063661, 0.061714, 0.065365, 0.063046, 0.059888, 0.059559, 0.065582, 0.064687, 0.056833, 0.063252, 0.06035, 0.062196, 0.061079, 0.063906, 0.065489]	[0.061406, 0.070692, 0.064209, 0.060447, 0.070674, 0.058196, 0.061017, 0.067781, 0.061315, 0.04928, 0.062618, 0.065592, 0.063531, 0.056234, 0.062202, 0.064806]
